id,pred
1-14,1.0
1-15,0.0
1-16,1.0
1-29,0.975
1-32,1.0
1-36,1.0
1-38,0.0
1-40,1.0
1-44,1.0
1-46,1.0
1-54,1.0
1-56,1.0
1-58,1.0
1-64,1.0
1-7,1.0
10-1,0.999
10-10,0.0
10-13,0.0
10-18,1.0
10-20,0.0
10-23,0.0
10-27,1.0
10-33,0.0
10-34,0.443
10-35,0.999
10-36,0.984
10-37,0.0
10-45,1.0
10-47,1.0
10-48,0.0
10-50,0.0
10-57,1.0
100-11,0.0
100-14,1.0
100-16,0.985
100-17,1.0
100-19,0.0
100-22,0.0
100-29,1.0
100-43,0.002
100-50,0.0
100-52,1.0
100-7,1.0
101-10,0.0
101-18,0.0
101-23,1.0
101-37,0.0
101-38,0.0
101-4,1.0
101-42,0.999
101-43,0.389
101-45,0.0
101-49,0.0
101-54,0.0
101-6,0.915
102-10,0.0
102-11,0.0
102-14,0.0
102-21,0.0
102-23,0.0
102-24,0.936
102-25,1.0
102-27,1.0
102-32,0.0
102-33,0.0
102-38,0.009
102-39,0.0
102-42,0.0
102-45,0.499
102-48,1.0
102-52,0.0
102-53,0.0
102-54,0.0
102-55,0.0
102-56,0.91
102-57,1.0
102-8,0.0
102-9,1.0
103-10,1.0
103-11,0.0
103-12,1.0
103-13,0.002
103-17,1.0
103-22,0.999
103-25,0.056
103-27,1.0
103-31,0.0
103-33,0.0
103-34,0.883
103-38,0.99
103-39,1.0
103-41,1.0
103-44,0.607
103-46,1.0
103-48,1.0
103-49,0.0
103-58,0.0
103-59,0.0
103-6,1.0
103-60,1.0
103-66,0.014
103-67,1.0
104-11,0.0
104-12,0.993
104-18,1.0
104-2,1.0
104-24,1.0
104-25,1.0
104-28,0.0
104-30,1.0
104-31,0.0
104-44,0.0
104-48,1.0
104-51,0.031
104-52,1.0
104-55,1.0
104-58,1.0
104-59,0.0
104-9,0.0
105-10,0.0
105-11,1.0
105-13,1.0
105-15,0.757
105-16,0.0
105-18,0.0
105-21,1.0
105-23,1.0
105-24,0.998
105-25,1.0
105-26,1.0
105-29,1.0
105-31,0.043
105-32,0.0
105-35,0.0
105-38,0.0
105-46,1.0
105-47,1.0
105-54,1.0
105-6,1.0
105-7,0.0
106-13,0.0
106-19,0.0
106-23,1.0
106-28,0.0
106-31,0.0
106-40,1.0
106-44,1.0
106-46,1.0
106-48,1.0
106-55,0.999
106-7,0.0
107-1,0.0
107-10,0.871
107-12,1.0
107-14,0.0
107-18,0.016
107-19,1.0
107-20,0.994
107-21,1.0
107-23,0.0
107-26,0.0
107-30,0.0
107-31,0.0
107-33,1.0
107-46,0.0
107-53,0.0
107-6,1.0
108-1,0.998
108-16,0.0
108-24,0.0
108-27,0.0
108-32,0.0
108-38,0.0
108-4,0.0
108-42,0.724
108-43,0.427
108-46,0.0
108-51,1.0
108-52,1.0
108-53,1.0
108-54,0.0
108-56,0.0
108-59,0.0
108-60,1.0
108-63,0.0
108-64,1.0
109-20,0.0
109-23,0.995
109-25,0.026
109-3,0.997
109-35,1.0
109-46,0.0
109-47,0.997
109-48,0.0
109-49,0.002
109-50,1.0
109-56,0.998
109-58,1.0
109-9,0.0
11-10,0.0
11-11,0.0
11-12,0.0
11-13,0.0
11-16,0.0
11-23,0.0
11-25,1.0
11-31,0.0
11-38,0.0
11-40,1.0
11-41,0.638
11-44,0.0
11-46,0.0
11-54,1.0
11-56,0.0
11-60,1.0
11-61,0.0
11-62,0.0
11-63,0.0
11-64,1.0
11-65,0.0
11-69,0.0
11-70,0.948
11-8,0.0
110-10,1.0
110-16,1.0
110-17,1.0
110-19,0.0
110-2,0.0
110-27,0.0
110-30,0.0
110-31,0.002
110-34,0.463
110-37,1.0
110-44,1.0
110-45,1.0
110-47,0.199
110-50,0.0
111-1,0.0
111-10,1.0
111-12,0.0
111-26,1.0
111-27,1.0
111-3,1.0
111-33,1.0
111-35,1.0
111-36,0.947
111-39,0.0
111-41,1.0
111-42,0.429
111-43,1.0
111-49,0.0
111-54,0.0
111-57,0.03
111-63,0.0
112-1,0.999
112-12,0.0
112-13,1.0
112-15,0.0
112-19,1.0
112-20,0.0
112-21,0.0
112-26,0.0
112-27,1.0
112-29,1.0
112-3,0.0
112-30,0.0
112-32,1.0
112-37,0.0
112-38,0.0
112-45,0.0
112-46,0.0
112-47,0.0
112-49,0.53
112-50,0.0
112-8,0.204
113-13,0.0
113-20,0.0
113-25,1.0
113-26,0.001
113-3,0.0
113-33,0.0
113-39,0.987
113-4,0.0
113-40,1.0
113-42,0.0
113-44,1.0
113-48,0.0
113-49,0.0
113-51,0.008
113-52,0.003
113-54,0.0
113-57,1.0
113-59,0.0
114-11,1.0
114-13,0.001
114-21,1.0
114-28,0.0
114-32,0.0
114-35,1.0
114-36,0.0
114-37,0.0
114-38,1.0
114-41,0.103
114-46,0.0
114-48,1.0
114-5,1.0
114-52,0.0
114-53,1.0
114-6,1.0
114-7,0.0
114-9,0.0
115-11,1.0
115-15,1.0
115-16,0.0
115-24,0.998
115-26,1.0
115-28,0.039
115-3,0.001
115-30,1.0
115-32,0.0
115-35,0.0
115-38,1.0
115-40,0.0
115-41,0.018
115-42,1.0
115-47,1.0
115-52,0.0
115-56,0.0
115-60,1.0
115-62,0.0
115-63,0.0
115-67,0.998
115-7,1.0
115-70,1.0
115-8,1.0
115-9,0.0
116-10,0.001
116-12,1.0
116-28,0.0
116-3,1.0
116-33,0.0
116-4,0.0
116-40,1.0
116-44,1.0
116-54,0.0
116-6,0.006
116-7,1.0
116-9,1.0
117-10,0.0
117-11,0.0
117-12,1.0
117-16,1.0
117-18,1.0
117-19,1.0
117-20,0.0
117-29,0.245
117-35,1.0
117-36,1.0
117-37,1.0
117-40,0.0
117-44,1.0
117-49,0.0
117-5,0.0
117-51,0.0
117-52,1.0
117-56,0.969
117-57,1.0
117-59,1.0
117-70,1.0
118-10,0.0
118-18,1.0
118-19,1.0
118-23,1.0
118-25,1.0
118-31,1.0
118-34,0.331
118-36,1.0
118-43,1.0
118-45,1.0
118-48,0.0
118-49,0.0
118-52,1.0
118-53,0.0
118-9,1.0
119-11,0.0
119-21,1.0
119-22,1.0
119-23,0.0
119-25,0.0
119-27,1.0
119-3,0.0
119-34,0.267
119-35,1.0
119-36,0.0
119-39,1.0
119-44,0.998
119-50,0.034
119-52,0.0
119-53,0.227
119-56,1.0
119-8,0.912
12-15,0.0
12-19,0.656
12-2,0.042
12-24,0.0
12-26,0.0
12-27,0.0
12-30,1.0
12-41,1.0
12-42,0.0
12-45,1.0
12-46,1.0
12-48,0.0
12-50,0.996
12-51,0.0
12-53,1.0
12-55,1.0
12-58,0.0
12-60,1.0
12-7,0.0
120-12,0.461
120-13,0.0
120-16,0.0
120-24,0.0
120-25,0.0
120-28,0.0
120-29,0.0
120-3,1.0
120-35,0.409
120-4,1.0
120-43,1.0
120-47,0.0
120-51,0.944
120-52,1.0
120-54,0.005
120-55,0.0
120-57,1.0
120-59,0.0
120-60,0.0
120-63,0.0
120-7,0.0
120-8,0.081
121-10,1.0
121-12,0.734
121-2,1.0
121-22,0.997
121-23,0.042
121-25,0.0
121-26,0.0
121-29,0.999
121-38,1.0
121-41,1.0
121-43,0.976
121-45,1.0
121-47,1.0
121-49,1.0
121-50,1.0
121-6,1.0
121-64,1.0
121-7,0.0
122-14,1.0
122-15,1.0
122-16,0.0
122-22,1.0
122-29,1.0
122-3,0.999
122-36,0.0
122-4,1.0
122-41,1.0
122-45,1.0
122-46,0.0
122-8,0.0
122-9,0.0
123-10,0.026
123-15,0.0
123-19,1.0
123-24,0.0
123-25,0.0
123-3,0.0
123-34,0.958
123-35,0.0
123-37,1.0
123-43,0.0
123-52,0.995
123-6,1.0
124-10,0.0
124-12,1.0
124-17,1.0
124-20,1.0
124-21,0.0
124-25,1.0
124-28,0.0
124-29,1.0
124-30,0.0
124-34,0.549
124-36,0.0
124-39,0.001
124-44,0.0
124-46,0.0
124-47,1.0
124-49,0.0
124-51,0.005
124-52,1.0
124-59,1.0
124-62,0.0
124-7,1.0
124-9,0.0
125-13,1.0
125-15,1.0
125-19,0.0
125-21,1.0
125-22,0.0
125-23,0.992
125-24,1.0
125-27,0.0
125-28,1.0
125-37,1.0
125-4,1.0
125-47,0.0
125-49,0.0
125-55,0.451
125-57,1.0
125-59,0.0
125-61,0.026
125-7,1.0
126-10,0.0
126-11,1.0
126-16,0.0
126-17,0.0
126-22,0.984
126-26,0.01
126-27,0.0
126-29,1.0
126-30,1.0
126-38,1.0
126-39,0.001
126-4,0.0
126-41,0.993
126-44,0.0
126-47,1.0
126-50,1.0
126-53,0.0
126-56,1.0
126-61,0.981
127-11,0.0
127-20,1.0
127-24,1.0
127-25,0.999
127-29,1.0
127-32,0.0
127-33,0.0
127-36,0.0
127-37,1.0
127-39,0.0
127-4,1.0
127-40,0.374
127-45,0.0
127-47,1.0
127-5,0.0
127-50,1.0
127-51,1.0
127-54,1.0
127-59,1.0
127-6,0.248
127-7,1.0
128-10,0.993
128-11,1.0
128-14,0.0
128-15,0.851
128-16,0.739
128-2,0.0
128-25,1.0
128-26,1.0
128-31,1.0
128-33,0.0
128-34,1.0
128-43,1.0
128-8,1.0
129-1,0.0
129-11,0.0
129-12,0.0
129-13,1.0
129-14,0.0
129-16,0.0
129-18,0.0
129-23,1.0
129-24,0.0
129-28,1.0
129-3,1.0
129-33,0.824
129-37,0.0
129-39,1.0
129-47,0.851
129-48,0.0
129-5,1.0
129-50,0.998
129-52,1.0
129-6,0.0
129-9,1.0
13-11,1.0
13-13,0.0
13-22,0.0
13-23,0.0
13-28,0.0
13-31,0.0
13-35,0.03
13-36,0.003
13-38,1.0
13-54,0.0
13-8,1.0
130-1,0.0
130-15,0.126
130-18,0.997
130-21,0.999
130-24,0.0
130-29,1.0
130-3,1.0
130-31,1.0
130-33,1.0
130-35,1.0
130-44,1.0
130-46,0.0
130-53,0.998
130-55,0.0
130-6,0.0
130-7,0.952
130-8,0.0
131-12,0.0
131-13,0.0
131-14,0.0
131-15,0.0
131-19,0.701
131-22,0.188
131-28,1.0
131-32,1.0
131-33,0.0
131-36,0.0
131-40,0.0
131-42,1.0
131-46,1.0
131-5,0.0
131-53,0.0
131-58,0.0
131-59,0.0
132-14,1.0
132-18,0.0
132-19,1.0
132-22,1.0
132-24,0.056
132-25,1.0
132-26,0.0
132-27,1.0
132-3,0.0
132-30,0.001
132-31,0.0
132-33,1.0
132-36,0.0
132-38,0.0
132-41,0.0
132-46,1.0
132-48,1.0
132-5,1.0
132-55,1.0
132-57,0.0
132-6,1.0
133-15,0.02
133-19,0.0
133-21,1.0
133-23,0.0
133-27,0.0
133-29,0.0
133-35,0.0
133-36,0.0
133-37,0.0
133-42,1.0
133-47,0.0
133-49,0.024
133-5,0.0
133-50,0.114
133-51,0.114
133-7,0.0
133-8,0.0
134-1,0.0
134-11,0.027
134-13,0.999
134-19,0.0
134-21,0.001
134-22,1.0
134-23,0.955
134-29,0.0
134-3,1.0
134-38,1.0
134-39,1.0
134-4,0.727
134-46,1.0
134-52,0.0
134-55,0.0
134-57,1.0
134-58,0.0
134-8,1.0
135-1,0.0
135-13,0.0
135-15,1.0
135-21,0.0
135-22,1.0
135-34,1.0
135-35,0.0
135-36,0.0
135-37,0.0
135-38,1.0
135-39,0.0
135-4,1.0
135-40,1.0
135-41,0.0
135-42,0.0
135-45,1.0
135-46,0.0
135-8,0.0
136-11,0.0
136-14,1.0
136-15,0.0
136-16,1.0
136-20,1.0
136-24,0.979
136-30,0.0
136-39,1.0
136-43,1.0
136-45,0.0
136-46,0.0
136-48,1.0
136-49,1.0
136-5,0.0
136-52,1.0
136-53,1.0
136-54,1.0
136-7,1.0
137-14,0.0
137-22,0.0
137-36,0.016
137-45,0.0
137-48,1.0
137-53,0.0
137-57,0.999
137-6,0.0
137-60,0.001
137-61,0.0
137-63,0.002
137-66,1.0
137-68,0.0
137-69,0.0
137-70,1.0
137-71,1.0
137-72,0.0
137-74,0.0
137-76,1.0
138-1,1.0
138-10,0.999
138-12,1.0
138-13,1.0
138-14,0.0
138-15,0.0
138-18,0.008
138-19,0.0
138-23,1.0
138-26,1.0
138-27,1.0
138-30,1.0
138-31,0.0
138-33,0.0
138-40,0.99
138-42,0.104
138-43,1.0
138-5,0.0
138-50,1.0
138-59,1.0
138-61,1.0
138-63,0.0
138-8,0.001
139-14,0.0
139-19,1.0
139-20,1.0
139-23,0.0
139-26,1.0
139-28,0.999
139-30,1.0
139-31,0.544
139-32,0.027
139-37,0.0
139-39,0.0
139-42,1.0
139-43,1.0
139-44,0.713
139-47,0.0
139-7,0.734
139-9,0.0
14-12,0.0
14-13,0.0
14-15,1.0
14-19,0.0
14-21,1.0
14-23,1.0
14-25,1.0
14-31,0.975
14-32,0.0
14-35,1.0
14-36,0.0
14-39,0.504
14-40,0.0
14-48,0.0
14-5,1.0
14-7,1.0
140-1,0.797
140-12,0.0
140-18,0.0
140-20,0.0
140-25,1.0
140-26,1.0
140-32,1.0
140-7,0.992
141-13,1.0
141-15,1.0
141-19,0.0
141-26,1.0
141-28,0.999
141-3,0.027
141-31,0.0
141-32,1.0
141-33,0.0
141-34,1.0
141-39,0.969
141-44,0.0
141-46,0.0
142-1,1.0
142-11,1.0
142-12,0.0
142-15,0.064
142-17,1.0
142-23,0.0
142-25,0.001
142-31,0.0
142-39,0.0
142-43,1.0
142-45,1.0
142-48,0.04
142-54,0.0
142-60,1.0
142-9,1.0
143-10,0.0
143-17,0.665
143-26,0.001
143-28,1.0
143-31,0.036
143-37,0.989
143-39,1.0
143-4,1.0
143-41,1.0
143-44,0.0
143-8,1.0
143-9,0.0
144-15,1.0
144-17,0.0
144-19,0.0
144-26,0.0
144-29,0.0
144-33,1.0
144-35,0.003
144-36,1.0
144-37,0.0
144-39,0.189
144-4,1.0
144-41,0.999
144-43,1.0
144-45,1.0
144-5,0.818
144-57,0.149
144-58,1.0
144-61,1.0
144-8,1.0
145-11,1.0
145-12,1.0
145-23,0.0
145-26,0.03
145-3,1.0
145-30,0.0
145-31,0.002
145-36,0.002
145-42,0.0
145-43,0.871
145-44,1.0
145-48,0.0
145-49,0.0
145-53,1.0
145-55,1.0
145-57,0.928
145-58,0.0
145-59,0.996
145-60,1.0
145-70,0.006
145-9,1.0
146-1,0.0
146-11,0.0
146-14,1.0
146-17,1.0
146-2,0.0
146-27,0.0
146-31,0.885
146-32,0.0
146-34,1.0
146-39,0.0
146-4,0.0
146-40,0.0
146-47,1.0
146-48,0.994
146-54,0.151
146-56,0.002
146-6,0.0
146-7,1.0
146-8,0.0
147-18,1.0
147-19,1.0
147-20,1.0
147-25,1.0
147-26,0.0
147-28,1.0
147-29,0.0
147-4,1.0
147-44,0.0
147-47,0.999
147-5,1.0
147-54,1.0
147-55,1.0
147-58,0.0
147-59,0.02
147-6,1.0
147-67,0.004
147-9,0.0
148-11,1.0
148-19,0.002
148-22,0.0
148-25,1.0
148-3,1.0
148-30,0.999
148-33,1.0
148-34,0.0
148-35,1.0
148-4,1.0
148-41,0.002
148-42,0.0
148-43,0.0
148-47,1.0
148-48,0.0
148-51,0.0
148-54,1.0
148-57,0.0
148-6,1.0
148-63,0.955
148-64,0.0
149-11,1.0
149-12,1.0
149-17,1.0
149-21,0.0
149-24,0.994
149-25,0.989
149-27,1.0
149-28,0.995
149-3,0.0
149-34,1.0
149-42,0.0
149-43,0.0
15-1,0.0
15-13,0.0
15-14,0.0
15-15,0.037
15-17,0.0
15-18,0.255
15-19,0.0
15-20,1.0
15-23,0.999
15-26,1.0
15-29,0.0
15-30,1.0
15-32,0.0
15-34,0.0
15-36,1.0
15-37,0.001
15-40,0.992
15-42,0.0
15-45,0.0
15-48,1.0
150-1,0.0
150-10,1.0
150-11,0.0
150-15,0.0
150-2,0.989
150-22,0.0
150-25,1.0
150-26,1.0
150-27,1.0
150-36,0.967
150-38,1.0
150-39,1.0
150-41,0.0
150-8,0.0
151-15,0.0
151-19,1.0
151-20,1.0
151-21,1.0
151-23,0.046
151-27,1.0
151-30,0.23
151-37,0.0
151-4,0.583
151-5,1.0
151-6,0.0
152-1,1.0
152-12,0.072
152-15,0.0
152-19,1.0
152-22,1.0
152-23,1.0
152-24,0.986
152-25,0.0
152-3,1.0
152-31,0.0
152-32,0.999
152-33,0.0
152-34,0.998
152-35,1.0
152-39,0.003
152-42,1.0
152-43,1.0
152-44,1.0
152-45,1.0
152-47,1.0
152-48,0.01
152-51,1.0
152-54,0.0
152-56,0.0
152-57,0.0
152-58,0.0
152-7,0.0
152-9,0.908
153-1,0.0
153-10,1.0
153-12,1.0
153-13,1.0
153-15,1.0
153-16,0.003
153-19,0.021
153-20,0.0
153-21,0.366
153-23,1.0
153-24,0.0
153-27,0.0
153-33,1.0
153-36,0.0
153-38,1.0
153-39,0.0
153-46,0.0
153-52,0.0
153-9,0.0
154-11,0.0
154-12,0.0
154-13,0.0
154-15,0.951
154-17,0.0
154-21,0.0
154-28,1.0
154-3,0.0
154-30,0.0
154-31,0.005
154-33,0.996
154-40,1.0
154-43,0.0
154-44,1.0
154-5,0.0
154-50,1.0
154-6,0.0
154-8,0.96
155-10,0.206
155-11,0.961
155-19,0.0
155-2,1.0
155-22,0.0
155-24,0.0
155-33,0.225
155-35,1.0
155-38,1.0
155-4,0.0
155-40,0.0
155-42,0.001
155-43,0.999
155-45,0.0
155-5,0.0
155-51,0.0
155-56,1.0
155-60,0.0
156-1,0.0
156-11,0.0
156-12,0.039
156-13,1.0
156-16,1.0
156-19,0.0
156-22,1.0
156-27,1.0
156-33,0.0
156-34,0.997
156-35,1.0
156-36,0.0
156-44,0.014
156-48,0.005
156-60,0.0
156-8,0.13
157-10,1.0
157-11,1.0
157-12,0.0
157-20,0.0
157-25,0.0
157-28,1.0
157-29,0.999
157-30,0.0
157-32,1.0
157-37,0.0
157-38,0.998
157-48,0.055
158-10,0.0
158-17,0.004
158-22,0.889
158-28,0.0
158-29,1.0
158-33,0.0
158-34,0.0
158-35,0.123
158-37,1.0
158-38,0.889
158-41,0.0
158-43,1.0
158-44,0.0
158-45,0.0
158-46,0.779
158-48,0.0
158-9,1.0
159-10,1.0
159-12,1.0
159-16,0.37
159-19,1.0
159-2,1.0
159-22,0.0
159-24,1.0
159-26,1.0
159-28,0.0
159-3,0.0
159-30,0.0
159-34,1.0
159-37,0.0
159-39,1.0
159-4,1.0
159-46,0.999
159-48,1.0
159-49,1.0
159-8,0.865
16-1,0.0
16-15,0.0
16-18,0.0
16-2,1.0
16-21,0.978
16-23,0.0
16-26,0.0
16-29,1.0
16-3,0.18
16-34,0.0
16-35,0.001
16-39,1.0
16-42,1.0
16-44,0.0
16-45,0.0
16-48,1.0
16-6,0.0
16-9,0.003
160-12,1.0
160-14,0.009
160-20,1.0
160-27,0.0
160-30,1.0
160-48,0.999
160-50,1.0
160-52,1.0
160-56,0.0
160-61,0.0
160-64,1.0
160-68,0.0
160-69,0.0
160-72,0.995
160-9,0.0
161-10,1.0
161-12,0.002
161-13,1.0
161-14,0.0
161-16,1.0
161-22,1.0
161-23,0.0
161-27,1.0
161-30,0.0
161-31,0.0
161-40,0.0
161-41,0.0
161-42,1.0
161-44,0.0
161-47,0.001
161-48,1.0
161-5,0.0
161-52,1.0
162-11,0.0
162-13,0.0
162-14,1.0
162-21,1.0
162-22,0.997
162-24,0.0
162-28,0.0
162-31,0.0
162-34,0.0
162-35,1.0
162-39,0.0
162-4,0.0
162-42,0.948
162-47,0.0
162-5,1.0
162-51,0.0
162-6,0.069
162-9,1.0
163-2,1.0
163-21,1.0
163-29,1.0
163-30,1.0
163-35,1.0
163-4,1.0
163-50,0.924
163-55,0.0
163-7,0.001
163-8,1.0
164-14,0.0
164-16,0.0
164-19,0.0
164-21,0.0
164-33,1.0
164-35,1.0
164-4,0.0
164-40,0.0
164-41,0.0
164-42,0.0
164-45,1.0
164-5,0.0
164-51,1.0
164-52,0.0
164-9,1.0
165-10,1.0
165-11,1.0
165-13,1.0
165-2,0.197
165-20,0.988
165-21,0.0
165-24,1.0
165-30,1.0
165-31,1.0
165-32,0.0
165-33,0.0
165-35,1.0
165-41,0.0
165-42,0.0
165-49,1.0
165-52,0.0
165-54,1.0
165-55,1.0
165-57,1.0
165-9,0.0
166-15,0.999
166-17,0.017
166-24,0.0
166-35,0.323
166-39,0.0
166-4,0.0
166-40,1.0
166-42,1.0
166-43,1.0
166-44,0.859
166-9,1.0
167-13,0.005
167-19,0.0
167-32,1.0
167-43,0.0
167-48,0.001
167-55,0.981
167-58,0.0
167-59,0.0
167-60,1.0
167-61,0.0
167-63,0.0
167-65,0.0
167-68,0.0
167-69,0.0
167-7,1.0
168-1,0.0
168-10,0.0
168-13,1.0
168-14,0.0
168-19,0.006
168-21,1.0
168-22,0.0
168-25,0.0
168-26,0.0
168-29,1.0
168-35,1.0
168-37,0.001
168-39,0.0
168-40,1.0
168-44,1.0
168-46,0.99
168-47,0.706
168-54,0.0
168-56,1.0
168-59,0.0
168-61,0.0
168-67,0.0
168-68,0.0
169-12,1.0
169-13,0.0
169-14,0.0
169-17,0.0
169-2,0.0
169-29,0.996
169-30,1.0
169-31,0.0
169-33,0.0
169-37,0.977
169-9,0.0
17-11,0.001
17-14,0.243
17-27,1.0
17-28,0.0
17-29,1.0
17-38,0.0
17-39,0.999
17-41,0.0
17-42,0.0
17-7,0.0
170-14,1.0
170-15,1.0
170-2,0.0
170-20,0.0
170-22,1.0
170-24,0.008
170-37,1.0
170-39,0.0
170-41,1.0
170-42,0.254
170-5,0.0
170-51,1.0
170-53,0.0
170-54,1.0
170-55,0.961
170-6,1.0
170-60,1.0
170-63,0.0
170-65,0.0
170-67,1.0
170-68,1.0
170-7,0.97
170-75,1.0
170-77,0.0
171-1,0.0
171-11,1.0
171-14,0.0
171-18,0.0
171-2,1.0
171-20,0.0
171-25,0.0
171-26,1.0
171-28,0.0
171-30,1.0
171-34,0.0
171-35,0.712
171-37,0.0
171-38,0.0
171-44,1.0
171-47,0.0
171-50,0.0
171-7,0.23
172-13,1.0
172-15,1.0
172-2,0.0
172-23,1.0
172-33,0.0
172-38,0.98
172-43,0.0
172-44,1.0
172-45,1.0
172-46,1.0
172-47,0.0
172-48,1.0
172-51,0.025
172-54,0.0
172-55,0.0
172-56,1.0
172-59,1.0
172-6,1.0
172-61,0.0
172-64,0.0
172-65,1.0
172-66,0.0
172-7,0.0
172-73,1.0
172-8,0.943
173-11,1.0
173-16,0.0
173-2,0.0
173-26,0.066
173-32,0.0
173-33,0.985
173-35,0.0
173-36,1.0
173-38,0.0
173-4,1.0
173-48,1.0
173-51,0.997
173-52,1.0
173-54,0.997
173-59,0.0
173-7,0.0
173-8,1.0
174-14,0.0
174-16,1.0
174-20,1.0
174-22,0.0
174-27,0.171
174-35,1.0
174-37,0.711
174-40,0.0
174-41,1.0
174-44,1.0
174-46,1.0
174-49,0.028
174-54,0.81
174-55,1.0
174-58,0.0
175-1,1.0
175-13,0.921
175-19,0.0
175-2,0.005
175-26,1.0
175-27,0.938
175-29,1.0
175-32,1.0
175-34,1.0
175-38,0.006
175-4,0.0
175-43,0.0
175-46,1.0
175-49,1.0
175-50,0.0
175-51,1.0
175-8,0.0
175-9,1.0
176-10,1.0
176-15,1.0
176-21,0.999
176-30,0.008
176-32,0.0
176-37,1.0
176-39,1.0
176-4,0.005
176-41,1.0
176-44,0.0
176-47,0.996
176-48,1.0
176-57,1.0
176-9,1.0
177-10,1.0
177-11,1.0
177-15,0.0
177-2,1.0
177-22,1.0
177-3,0.0
177-31,0.0
177-35,1.0
177-36,0.0
177-37,1.0
177-38,0.922
177-40,1.0
177-41,1.0
177-43,1.0
177-47,0.0
177-48,1.0
177-52,0.0
177-53,0.0
177-55,1.0
177-64,0.0
177-65,1.0
177-66,0.0
177-67,1.0
177-7,1.0
178-12,0.0
178-14,0.0
178-16,1.0
178-17,0.0
178-25,0.271
178-27,1.0
178-28,1.0
178-29,0.0
178-30,1.0
178-31,0.998
178-32,0.0
178-37,0.0
178-38,0.0
178-4,0.004
178-8,1.0
178-9,0.0
179-15,1.0
179-2,0.0
179-22,0.0
179-25,0.0
179-27,0.002
179-30,1.0
179-35,0.0
179-40,0.0
179-41,0.343
179-42,0.0
179-45,0.0
179-58,0.0
179-6,0.0
18-10,0.0
18-14,1.0
18-17,0.0
18-2,0.0
18-20,0.0
18-21,0.974
18-23,1.0
18-30,0.017
18-31,1.0
18-38,0.0
18-40,1.0
18-41,1.0
18-42,0.0
18-43,1.0
18-46,0.0
18-50,0.245
18-55,0.0
18-56,0.0
18-58,0.999
18-60,0.999
18-63,0.0
18-64,0.0
180-10,0.998
180-14,1.0
180-19,1.0
180-2,0.005
180-20,1.0
180-25,0.0
180-27,0.0
180-28,1.0
180-29,1.0
180-30,1.0
180-33,1.0
180-37,1.0
180-38,1.0
180-40,0.0
180-41,1.0
180-5,0.0
180-50,1.0
180-52,0.0
180-54,1.0
180-7,0.666
181-1,0.004
181-10,0.0
181-12,0.0
181-18,1.0
181-20,1.0
181-21,0.02
181-22,0.0
181-23,0.983
181-25,0.997
181-28,0.0
181-32,0.0
181-4,0.997
181-40,0.016
181-42,1.0
181-43,0.0
181-55,0.002
181-56,1.0
181-57,0.0
181-6,0.0
182-11,0.0
182-14,0.0
182-18,0.011
182-19,0.0
182-2,0.0
182-20,0.997
182-27,0.0
182-37,1.0
182-38,0.0
182-42,0.384
182-44,0.0
182-46,0.0
183-13,0.0
183-17,1.0
183-19,0.0
183-24,0.0
183-25,0.0
183-26,0.0
183-31,0.0
183-32,1.0
183-36,0.002
183-39,0.0
183-4,0.0
183-40,0.996
183-42,0.72
183-44,0.071
183-46,0.0
183-49,0.0
183-50,0.0
183-54,1.0
183-55,1.0
183-56,0.0
183-57,0.0
183-6,0.0
183-9,1.0
184-1,0.999
184-12,0.002
184-13,1.0
184-23,0.0
184-25,0.03
184-29,1.0
184-33,1.0
184-34,1.0
184-35,0.0
184-37,0.0
184-40,0.15
184-43,0.0
184-47,0.999
184-6,1.0
185-1,1.0
185-17,0.0
185-19,0.004
185-2,0.0
185-21,0.0
185-26,0.0
185-29,0.0
185-32,0.985
185-34,0.0
185-35,1.0
185-36,1.0
185-39,0.0
185-40,0.018
185-43,0.001
185-44,0.0
185-45,1.0
185-5,1.0
185-50,0.0
185-56,0.008
185-59,0.187
185-60,1.0
185-7,1.0
186-15,1.0
186-16,0.0
186-20,1.0
186-21,0.36
186-25,0.1
186-26,0.0
186-27,1.0
186-28,1.0
186-34,1.0
186-41,0.0
186-43,1.0
186-46,1.0
186-48,0.001
186-5,0.0
186-51,1.0
186-52,0.0
186-57,0.136
186-7,0.931
187-1,0.0
187-10,0.998
187-12,0.0
187-13,0.0
187-15,1.0
187-17,0.084
187-19,0.0
187-21,0.0
187-25,1.0
187-28,0.0
187-29,0.0
187-33,1.0
187-36,0.0
187-37,1.0
187-4,0.001
187-52,0.999
187-57,0.0
187-59,1.0
187-6,0.0
187-60,1.0
187-8,1.0
187-9,0.0
188-1,0.0
188-10,0.031
188-14,0.0
188-20,0.003
188-25,1.0
188-27,0.0
188-32,0.0
188-33,0.0
188-34,0.0
188-43,1.0
188-5,0.0
188-52,1.0
188-53,0.0
188-54,0.002
188-58,0.0
188-6,1.0
188-60,0.0
188-64,0.0
188-9,0.0
189-12,0.0
189-15,1.0
189-16,0.016
189-17,1.0
189-2,0.0
189-26,0.088
189-27,0.0
189-28,0.996
189-33,0.0
189-35,0.007
189-38,1.0
189-41,1.0
189-43,0.925
189-49,0.0
189-53,0.0
189-55,1.0
189-56,1.0
19-1,0.0
19-12,1.0
19-20,1.0
19-24,1.0
19-27,1.0
19-33,0.0
19-44,0.0
19-47,1.0
19-51,0.991
19-52,0.0
19-53,1.0
19-56,0.006
19-61,1.0
19-62,0.0
19-64,0.0
19-7,0.032
19-70,0.862
19-71,0.0
190-11,1.0
190-13,1.0
190-17,0.0
190-31,0.311
190-39,0.0
190-42,0.0
190-44,0.0
190-53,1.0
190-6,1.0
191-10,0.993
191-19,1.0
191-2,0.0
191-24,1.0
191-30,1.0
191-31,0.843
191-32,1.0
191-8,1.0
192-10,0.0
192-12,1.0
192-15,0.0
192-16,0.996
192-17,1.0
192-20,0.0
192-23,1.0
192-25,1.0
192-28,1.0
192-30,0.0
192-31,0.0
192-42,1.0
192-44,0.0
192-45,1.0
192-46,1.0
192-48,1.0
192-49,0.005
192-5,0.999
192-51,0.09
192-7,1.0
192-8,1.0
193-11,1.0
193-13,0.0
193-15,0.0
193-20,0.0
193-21,1.0
193-23,0.0
193-33,1.0
193-34,1.0
193-35,0.997
193-36,1.0
193-39,0.0
193-4,0.483
193-43,0.576
193-5,0.0
194-17,0.0
194-21,0.0
194-23,0.999
194-27,0.0
194-35,1.0
194-37,1.0
194-46,0.0
194-47,0.0
194-48,1.0
195-13,1.0
195-14,0.354
195-15,0.0
195-16,0.0
195-24,1.0
195-3,1.0
195-32,1.0
195-33,0.0
195-34,1.0
195-39,1.0
195-4,0.0
195-48,0.0
195-51,0.0
195-52,0.0
195-53,0.037
195-54,1.0
195-55,0.0
195-8,0.0
196-12,0.0
196-16,1.0
196-17,0.0
196-2,0.0
196-22,1.0
196-30,0.0
196-33,0.0
196-35,0.0
196-37,0.99
196-41,1.0
196-43,1.0
196-44,0.0
196-47,0.826
196-49,1.0
196-57,0.0
196-60,0.0
196-61,0.0
197-11,1.0
197-16,0.0
197-17,0.0
197-18,1.0
197-2,1.0
197-26,0.0
197-30,0.0
197-31,1.0
197-34,0.0
197-38,1.0
197-41,0.0
197-6,1.0
197-7,1.0
197-8,0.0
197-9,0.993
198-1,0.0
198-12,1.0
198-14,0.0
198-27,0.0
198-28,1.0
198-3,0.001
198-31,0.0
198-35,0.451
198-37,1.0
198-39,0.0
198-4,0.002
198-40,1.0
198-43,0.0
198-44,1.0
198-50,1.0
198-7,0.0
198-8,0.0
199-11,1.0
199-12,0.0
199-16,1.0
199-17,1.0
199-20,1.0
199-22,1.0
199-23,1.0
199-25,1.0
199-34,1.0
199-36,1.0
199-37,1.0
199-39,0.935
199-40,0.0
199-45,0.0
199-46,0.0
199-47,1.0
199-5,1.0
199-7,0.018
2-11,0.0
2-13,0.0
2-15,0.0
2-16,0.026
2-17,0.0
2-2,1.0
2-21,0.224
2-23,0.999
2-24,1.0
2-25,1.0
2-26,0.0
2-31,0.045
2-33,0.0
2-35,0.972
2-42,0.0
2-47,0.0
2-50,1.0
2-52,0.0
2-55,0.0
2-7,0.0
20-14,0.0
20-15,0.0
20-17,1.0
20-23,1.0
20-25,0.0
20-28,1.0
20-29,1.0
20-30,0.0
20-32,1.0
20-38,1.0
20-42,1.0
20-44,1.0
20-48,0.0
20-49,0.0
20-60,0.0
20-61,1.0
200-11,0.12
200-12,0.0
200-14,0.0
200-15,1.0
200-17,0.0
200-18,0.0
200-19,0.0
200-23,0.0
200-26,0.187
200-29,1.0
200-32,0.0
200-33,0.0
200-36,0.0
200-38,0.006
200-45,0.0
200-46,1.0
200-51,0.0
200-8,0.805
200-9,1.0
201-20,0.0
201-25,0.0
201-27,0.0
201-28,1.0
201-3,0.941
201-32,0.0
201-34,0.0
201-36,0.0
201-38,1.0
201-45,0.0
201-46,1.0
201-49,1.0
201-52,1.0
201-8,0.0
202-12,0.0
202-13,1.0
202-16,1.0
202-19,1.0
202-2,0.0
202-20,0.002
202-23,1.0
202-26,1.0
202-31,0.0
202-36,1.0
202-37,0.001
202-40,1.0
202-44,0.964
202-47,0.0
203-1,0.001
203-11,0.0
203-12,1.0
203-13,0.998
203-15,1.0
203-16,1.0
203-17,0.0
203-24,0.0
203-25,1.0
203-29,0.0
203-38,1.0
203-39,1.0
203-43,1.0
203-44,0.0
203-46,1.0
203-47,0.0
203-48,1.0
203-50,0.0
203-53,0.0
203-54,0.0
204-10,0.001
204-13,0.052
204-16,0.0
204-18,1.0
204-19,0.0
204-2,0.0
204-23,1.0
204-24,0.0
204-25,1.0
204-26,0.0
204-37,0.0
204-4,0.0
204-40,1.0
204-41,0.0
204-5,0.0
204-6,1.0
204-9,1.0
205-1,1.0
205-10,0.0
205-11,1.0
205-13,1.0
205-17,0.0
205-21,0.0
205-26,0.0
205-3,0.0
205-31,1.0
205-45,1.0
205-46,0.0
205-48,0.305
205-6,1.0
206-1,0.0
206-16,0.265
206-18,0.0
206-23,0.0
206-25,1.0
206-27,1.0
206-4,1.0
206-41,0.0
206-49,1.0
206-8,1.0
206-9,0.969
207-13,1.0
207-15,1.0
207-23,0.0
207-24,0.0
207-25,0.012
207-32,0.0
207-38,0.005
207-39,0.128
207-41,1.0
207-44,1.0
207-48,0.0
207-49,1.0
207-53,0.0
207-9,0.0
208-11,0.0
208-13,0.0
208-14,0.0
208-21,0.0
208-22,0.0
208-24,0.997
208-27,1.0
208-3,1.0
208-35,0.0
208-36,0.952
208-38,1.0
208-40,0.997
208-7,0.0
209-11,0.013
209-13,0.0
209-17,0.0
209-2,1.0
209-25,0.0
209-27,1.0
209-28,0.0
209-29,0.0
209-39,1.0
209-43,1.0
209-49,0.006
209-5,0.0
209-7,0.0
209-9,0.0
21-12,0.0
21-13,0.0
21-17,1.0
21-18,0.94
21-2,0.902
21-24,0.0
21-25,1.0
21-33,0.0
21-36,1.0
21-38,0.0
21-41,1.0
21-42,0.0
21-43,0.0
21-44,1.0
21-6,0.0
210-12,0.0
210-13,0.123
210-15,1.0
210-16,0.0
210-18,0.0
210-19,0.998
210-23,0.529
210-24,0.0
210-26,0.527
210-3,0.946
210-35,1.0
210-46,0.0
210-48,0.0
210-54,0.999
210-57,1.0
211-1,0.0
211-11,1.0
211-12,1.0
211-13,1.0
211-14,0.164
211-18,0.0
211-20,1.0
211-21,1.0
211-22,1.0
211-24,0.0
211-30,0.0
211-33,1.0
211-34,0.0
211-35,0.0
211-40,1.0
211-42,0.996
211-48,0.0
211-5,0.968
211-50,1.0
211-53,1.0
211-6,0.0
211-8,1.0
212-13,0.0
212-16,0.0
212-17,0.0
212-22,0.995
212-3,0.0
212-31,1.0
212-32,0.0
212-36,0.0
212-37,1.0
212-38,1.0
212-49,0.0
212-50,1.0
212-51,1.0
212-52,0.0
212-54,1.0
212-55,0.0
212-56,1.0
212-7,1.0
213-13,0.001
213-14,0.968
213-18,0.0
213-2,1.0
213-21,0.058
213-34,0.0
213-35,0.002
213-45,0.0
213-46,1.0
213-49,1.0
213-54,0.0
213-55,1.0
213-58,0.989
213-61,1.0
213-65,0.0
213-66,0.0
213-68,0.0
214-10,0.0
214-12,0.0
214-15,1.0
214-16,0.0
214-2,0.985
214-22,1.0
214-23,0.0
214-24,0.0
214-25,0.0
214-28,0.0
214-29,0.0
214-3,0.0
214-30,0.0
214-39,0.0
214-4,0.026
214-45,1.0
214-49,1.0
215-1,0.0
215-11,0.0
215-15,1.0
215-17,1.0
215-18,1.0
215-2,1.0
215-23,1.0
215-28,1.0
215-30,0.0
215-36,0.0
215-4,1.0
215-42,0.0
215-43,1.0
215-48,0.209
215-5,0.0
215-50,0.0
215-58,1.0
215-8,0.0
215-9,0.0
216-1,0.0
216-15,0.005
216-19,0.003
216-21,0.998
216-24,0.0
216-25,0.0
216-26,1.0
216-28,0.0
216-29,0.0
216-30,1.0
216-33,1.0
216-35,0.0
216-36,1.0
216-39,1.0
216-41,1.0
216-45,0.0
216-46,0.009
216-47,1.0
216-48,0.0
216-50,0.0
216-54,1.0
216-57,0.0
216-59,0.0
216-60,0.0
216-62,0.0
216-7,1.0
217-10,0.0
217-11,1.0
217-14,0.0
217-16,1.0
217-17,0.0
217-21,0.918
217-23,0.0
217-25,1.0
217-27,0.126
217-3,1.0
217-32,0.142
217-33,0.836
217-36,1.0
217-42,0.294
217-45,1.0
217-47,0.0
217-5,1.0
217-50,0.0
217-53,0.041
217-56,1.0
217-62,0.0
218-10,0.0
218-11,1.0
218-16,0.0
218-17,0.0
218-21,1.0
218-22,0.0
218-3,0.001
218-30,1.0
218-32,1.0
218-35,0.0
218-37,0.031
218-41,0.0
218-43,0.0
218-46,0.0
218-51,0.0
218-53,0.001
218-55,1.0
218-56,1.0
218-8,0.0
219-10,0.0
219-12,1.0
219-13,1.0
219-15,0.375
219-16,0.001
219-17,1.0
219-23,1.0
219-29,1.0
219-31,0.0
219-32,0.0
219-33,1.0
219-39,0.0
219-40,1.0
219-46,1.0
219-49,1.0
219-50,0.0
219-7,0.0
219-8,1.0
22-11,1.0
22-17,0.0
22-23,0.998
22-27,1.0
22-34,1.0
22-36,1.0
22-4,0.0
22-46,0.0
22-49,1.0
22-50,0.0
22-51,0.259
22-52,1.0
22-54,0.0
22-7,0.0
220-10,1.0
220-13,0.997
220-16,0.0
220-20,1.0
220-25,0.0
220-37,1.0
220-38,0.0
220-4,0.0
220-44,0.997
220-46,0.997
220-47,0.0
220-48,1.0
220-49,0.0
220-5,0.968
220-52,1.0
220-53,1.0
220-54,0.0
220-56,0.0
220-61,1.0
220-63,1.0
220-64,0.0
220-66,0.0
220-68,0.0
220-7,0.0
220-70,0.0
220-8,1.0
221-1,0.0
221-18,1.0
221-21,0.994
221-23,1.0
221-24,0.012
221-27,0.91
221-28,1.0
221-32,1.0
221-33,0.01
221-36,1.0
221-4,1.0
221-40,1.0
221-42,0.0
221-48,1.0
221-49,0.862
221-50,0.0
221-9,0.0
222-10,0.999
222-14,1.0
222-19,1.0
222-21,1.0
222-27,0.0
222-39,0.0
222-40,1.0
222-45,1.0
222-49,0.0
222-6,0.0
223-24,0.0
223-27,0.682
223-3,1.0
223-30,1.0
223-35,0.0
223-38,1.0
223-40,0.806
223-41,0.0
223-5,0.408
223-7,1.0
223-8,0.0
224-15,0.998
224-18,0.0
224-23,1.0
224-24,0.0
224-28,1.0
224-29,0.0
224-32,0.009
224-38,0.0
224-4,1.0
224-40,0.998
224-42,0.983
224-43,1.0
224-44,0.0
224-48,0.0
224-49,1.0
224-57,1.0
224-58,1.0
224-59,1.0
224-61,0.0
224-62,0.0
224-64,0.0
224-7,0.0
225-10,1.0
225-14,0.0
225-15,1.0
225-19,0.1
225-33,1.0
225-39,0.0
225-40,1.0
225-41,1.0
225-45,1.0
225-47,0.0
225-49,0.739
225-55,0.0
225-56,0.0
225-58,1.0
225-61,1.0
226-15,0.0
226-19,1.0
226-2,0.0
226-22,1.0
226-26,0.0
226-3,0.0
226-31,0.0
226-33,0.367
226-35,1.0
226-38,1.0
226-42,1.0
226-43,0.0
226-46,1.0
226-50,1.0
226-51,1.0
226-53,0.0
226-54,0.964
226-60,0.0
226-7,0.402
227-1,0.999
227-12,0.001
227-19,1.0
227-28,1.0
227-30,1.0
227-32,1.0
227-35,0.577
227-43,0.0
227-47,1.0
227-49,1.0
227-54,0.0
227-56,0.0
227-59,1.0
227-7,0.005
227-8,1.0
228-10,0.593
228-13,1.0
228-15,1.0
228-22,0.0
228-3,0.006
228-8,0.876
229-10,0.037
229-20,0.0
229-21,0.0
229-23,0.0
229-29,0.0
229-3,1.0
229-33,1.0
229-39,1.0
229-46,0.0
229-48,1.0
229-51,0.0
229-54,1.0
229-55,0.0
229-58,0.853
229-6,0.0
229-64,0.0
229-67,0.0
229-68,0.0
229-69,0.0
229-8,0.0
23-12,1.0
23-14,1.0
23-16,0.0
23-21,0.608
23-23,1.0
23-27,1.0
23-28,1.0
23-31,1.0
23-32,1.0
23-36,1.0
23-44,0.347
23-5,1.0
23-51,0.989
23-54,1.0
23-57,0.0
230-1,0.0
230-15,0.02
230-16,0.0
230-2,0.0
230-21,1.0
230-23,1.0
230-26,0.002
230-31,0.0
230-33,0.0
230-35,0.0
230-36,0.0
230-37,0.0
230-39,0.121
230-45,0.018
230-48,0.0
230-49,0.0
230-5,1.0
230-53,0.0
231-14,0.0
231-15,0.0
231-17,0.0
231-2,0.0
231-21,0.829
231-3,0.998
231-33,0.0
231-43,1.0
231-46,0.0
231-48,1.0
231-49,1.0
231-5,0.0
231-52,0.897
231-55,1.0
231-60,0.828
231-63,1.0
231-64,1.0
231-68,1.0
231-9,1.0
232-1,0.0
232-13,1.0
232-16,0.0
232-19,0.0
232-28,1.0
232-34,1.0
232-4,0.492
232-40,1.0
232-5,0.0
232-7,1.0
233-1,1.0
233-11,0.0
233-12,1.0
233-13,0.0
233-14,1.0
233-16,1.0
233-2,1.0
233-20,1.0
233-21,0.0
233-25,0.0
233-29,1.0
233-3,1.0
233-34,0.0
233-35,1.0
233-37,0.0
233-44,0.637
233-48,0.0
233-5,0.0
233-53,1.0
233-54,0.0
233-6,0.0
233-8,0.0
233-9,1.0
234-1,0.0
234-10,0.0
234-13,0.943
234-14,0.0
234-19,0.0
234-21,0.0
234-31,0.0
234-32,1.0
234-34,1.0
234-35,0.0
234-4,1.0
234-47,1.0
234-53,0.99
235-12,0.0
235-14,0.0
235-22,0.999
235-24,0.395
235-25,1.0
235-27,0.0
235-29,0.0
235-35,1.0
235-36,0.0
235-37,0.386
235-38,1.0
235-4,0.072
235-40,0.999
235-7,1.0
235-9,1.0
236-12,0.0
236-14,1.0
236-18,1.0
236-19,0.0
236-2,1.0
236-25,0.0
236-30,0.0
236-35,1.0
236-39,0.0
236-4,0.0
236-43,1.0
236-47,0.0
236-5,1.0
236-55,0.0
236-57,0.0
237-1,0.0
237-11,1.0
237-12,0.91
237-14,1.0
237-20,1.0
237-24,0.0
237-25,0.996
237-28,0.0
237-29,1.0
237-3,0.991
237-34,0.0
237-35,0.0
237-36,0.009
237-41,1.0
237-46,0.0
237-47,1.0
237-48,1.0
237-51,1.0
237-52,1.0
237-53,1.0
237-58,0.0
237-59,1.0
237-60,0.0
237-61,0.0
237-8,1.0
238-10,0.01
238-13,0.984
238-17,1.0
238-19,1.0
238-2,0.0
238-28,1.0
238-29,1.0
238-3,0.206
238-33,1.0
238-37,0.0
238-39,1.0
238-41,1.0
238-49,1.0
238-6,1.0
238-7,0.0
238-8,0.997
239-1,1.0
239-11,1.0
239-13,0.336
239-15,0.043
239-17,0.0
239-21,0.995
239-22,0.007
239-25,0.0
239-28,1.0
239-29,1.0
239-30,0.0
239-31,1.0
239-33,0.0
239-35,0.0
239-39,0.0
239-4,0.052
239-43,1.0
239-44,0.997
239-47,1.0
239-8,1.0
24-1,0.0
24-17,0.287
24-2,1.0
24-21,0.0
24-23,0.0
24-25,0.0
24-26,0.001
24-27,0.0
24-28,0.0
24-33,0.0
24-36,1.0
24-4,0.0
24-41,0.0
24-44,0.0
24-49,0.108
24-54,0.0
24-55,1.0
24-61,1.0
24-63,1.0
24-64,0.0
24-65,1.0
240-10,1.0
240-12,0.0
240-14,1.0
240-16,0.993
240-19,0.007
240-27,1.0
240-28,1.0
240-30,1.0
240-4,1.0
240-40,1.0
240-44,1.0
240-45,1.0
240-46,0.0
240-47,0.0
240-52,1.0
240-54,0.0
240-56,1.0
240-58,0.0
240-66,0.0
240-67,0.0
241-16,1.0
241-19,1.0
241-21,0.0
241-28,1.0
241-34,0.0
241-35,1.0
241-36,1.0
241-38,0.0
241-42,1.0
241-43,1.0
241-44,1.0
241-46,0.003
241-5,1.0
241-8,0.0
241-9,1.0
242-10,0.805
242-15,0.0
242-18,1.0
242-2,1.0
242-25,1.0
242-27,0.999
242-28,1.0
242-3,0.0
242-32,1.0
242-38,0.0
242-42,1.0
242-43,0.0
242-51,0.0
242-53,0.0
242-57,0.962
242-59,1.0
242-8,1.0
243-10,0.988
243-11,0.968
243-13,1.0
243-15,0.0
243-17,0.856
243-23,1.0
243-24,0.0
243-26,0.996
243-31,1.0
243-34,1.0
243-42,1.0
243-47,1.0
243-52,1.0
243-53,0.0
243-56,1.0
244-12,1.0
244-13,1.0
244-15,0.0
244-16,1.0
244-17,1.0
244-24,1.0
244-26,0.0
244-31,0.0
244-32,0.874
244-34,0.0
244-39,1.0
244-41,0.0
244-43,1.0
244-45,0.0
244-46,0.0
244-47,1.0
244-48,1.0
244-5,1.0
244-50,0.448
244-52,1.0
244-58,0.0
244-6,1.0
244-7,1.0
244-8,0.045
245-1,0.0
245-13,0.632
245-16,0.0
245-18,1.0
245-21,0.0
245-22,0.0
245-24,0.0
245-27,0.003
245-28,0.0
245-39,0.998
245-44,0.0
245-48,0.0
245-54,0.0
245-55,1.0
245-57,0.0
245-6,0.0
245-60,1.0
245-61,0.0
246-13,0.0
246-16,0.0
246-17,0.0
246-18,0.0
246-20,1.0
246-25,0.0
246-32,1.0
246-33,0.0
246-38,1.0
246-39,0.0
246-49,1.0
246-50,0.0
246-6,0.0
246-62,1.0
246-63,0.0
246-7,0.991
247-1,1.0
247-10,0.011
247-12,0.0
247-13,1.0
247-14,1.0
247-18,0.0
247-24,1.0
247-26,1.0
247-3,0.0
247-32,0.0
247-35,1.0
247-36,0.0
247-41,1.0
247-42,0.0
247-47,0.993
247-48,1.0
247-52,0.364
247-53,1.0
247-56,0.006
248-17,0.987
248-2,0.0
248-27,0.0
248-28,1.0
248-30,0.0
248-34,0.028
248-35,0.0
248-36,0.0
248-38,1.0
248-39,1.0
248-45,1.0
248-46,0.0
248-47,1.0
248-52,1.0
248-53,1.0
248-58,0.996
248-62,0.173
248-9,1.0
249-11,0.999
249-14,0.139
249-16,1.0
249-2,1.0
249-22,1.0
249-24,0.999
249-27,0.0
249-33,0.0
249-34,1.0
249-39,1.0
249-44,0.107
249-5,0.0
249-8,0.0
25-11,1.0
25-12,0.951
25-14,1.0
25-19,0.0
25-25,1.0
25-40,0.951
25-42,0.909
25-45,1.0
25-49,0.0
25-5,0.002
25-7,0.0
250-12,0.0
250-13,1.0
250-15,1.0
250-20,1.0
250-21,0.0
250-23,0.0
250-25,0.0
250-28,0.0
250-3,0.001
250-30,1.0
250-36,0.999
250-38,1.0
250-4,0.0
250-41,0.0
250-44,1.0
250-46,0.0
250-49,0.993
250-5,1.0
250-51,1.0
250-54,0.0
251-12,0.0
251-15,0.0
251-16,0.0
251-2,1.0
251-21,0.987
251-23,0.0
251-25,1.0
251-30,0.0
251-39,1.0
251-41,0.0
251-50,1.0
251-52,1.0
251-54,0.094
251-55,1.0
251-61,0.0
251-63,0.0
251-66,0.484
251-9,1.0
252-10,0.0
252-11,0.0
252-13,0.0
252-20,1.0
252-21,1.0
252-24,0.014
252-30,0.0
252-31,0.999
252-38,0.0
252-39,0.0
252-44,0.0
252-45,0.999
252-49,0.0
252-51,0.001
252-52,0.0
252-53,0.0
252-9,1.0
253-19,0.931
253-22,1.0
253-26,1.0
253-30,1.0
253-31,1.0
253-32,0.0
253-33,0.0
253-36,0.0
253-37,1.0
253-46,1.0
253-47,0.0
253-50,0.953
253-51,1.0
253-56,0.0
253-59,1.0
253-64,0.0
253-65,0.0
253-9,1.0
254-11,0.0
254-16,0.999
254-17,0.0
254-18,1.0
254-20,1.0
254-21,1.0
254-22,0.004
254-23,1.0
254-29,1.0
254-33,0.0
254-34,0.001
254-35,0.985
254-38,0.0
254-41,0.0
254-49,1.0
254-50,0.0
254-51,0.0
254-54,1.0
254-58,0.942
254-59,1.0
254-60,0.0
254-61,1.0
254-7,0.0
254-9,0.999
255-10,1.0
255-15,0.066
255-18,0.0
255-20,0.0
255-24,0.91
255-26,1.0
255-28,1.0
255-31,0.0
255-36,0.006
255-4,0.99
255-7,0.0
255-8,1.0
256-1,1.0
256-12,0.0
256-18,0.93
256-22,0.0
256-26,0.768
256-3,0.972
256-31,1.0
256-33,1.0
256-34,1.0
256-35,0.0
256-36,1.0
256-40,1.0
256-8,0.0
257-10,0.0
257-18,1.0
257-23,1.0
257-32,0.0
257-38,0.0
257-42,1.0
257-50,0.0
257-52,0.998
257-9,0.0
258-12,1.0
258-14,0.0
258-16,1.0
258-18,1.0
258-22,1.0
258-26,1.0
258-3,0.919
258-32,1.0
258-4,0.0
258-41,1.0
258-44,1.0
258-6,1.0
258-7,1.0
258-9,1.0
259-11,0.0
259-13,0.995
259-18,1.0
259-19,1.0
259-2,0.0
259-22,0.0
259-25,0.0
259-26,1.0
259-30,1.0
259-31,1.0
259-36,1.0
259-37,0.0
259-46,1.0
259-47,1.0
259-5,0.997
259-50,0.0
259-51,1.0
259-55,1.0
26-11,0.0
26-12,1.0
26-17,0.0
26-18,0.0
26-2,0.0
26-20,1.0
26-24,1.0
26-3,0.0
26-34,0.0
26-40,1.0
26-45,0.022
26-46,0.0
26-55,0.0
26-59,1.0
260-16,1.0
260-17,0.009
260-18,0.0
260-24,1.0
260-28,1.0
260-30,1.0
260-37,1.0
260-38,0.975
260-40,1.0
260-7,0.0
260-9,1.0
261-10,0.032
261-11,0.0
261-12,0.0
261-20,0.0
261-22,0.993
261-28,0.0
261-32,0.969
261-33,1.0
261-34,0.0
261-36,0.998
262-12,0.616
262-15,0.269
262-17,0.692
262-2,0.0
262-21,0.0
262-22,1.0
262-27,1.0
262-33,1.0
262-34,0.0
262-38,1.0
262-43,0.0
262-44,0.97
262-47,0.997
262-51,1.0
262-52,0.0
262-9,1.0
263-1,0.0
263-10,0.971
263-13,0.999
263-14,0.0
263-15,0.0
263-17,1.0
263-20,0.0
263-24,0.0
263-25,1.0
263-28,1.0
263-3,0.0
263-32,1.0
263-4,0.0
263-45,1.0
263-48,0.997
263-50,1.0
263-52,1.0
263-54,1.0
263-58,0.0
263-8,0.0
264-10,0.0
264-13,1.0
264-18,0.0
264-27,1.0
264-28,0.392
264-32,0.0
264-33,0.0
264-34,0.0
264-35,0.0
264-37,0.163
264-38,1.0
264-39,1.0
264-40,0.0
264-44,0.0
264-5,1.0
264-55,0.997
264-61,0.0
264-62,1.0
265-10,0.0
265-11,0.956
265-18,0.0
265-23,1.0
265-27,1.0
265-30,0.017
265-31,1.0
265-35,0.851
265-37,1.0
265-40,1.0
265-41,0.0
265-43,1.0
265-46,0.0
265-48,0.237
265-52,1.0
265-56,0.0
265-58,0.999
265-6,1.0
265-8,1.0
266-10,1.0
266-13,0.0
266-17,0.0
266-18,0.778
266-25,0.12
266-26,0.002
266-27,1.0
266-30,0.0
266-32,0.0
266-34,1.0
266-36,0.0
266-38,1.0
266-40,0.281
266-44,0.0
266-45,1.0
266-48,1.0
266-49,1.0
266-55,1.0
266-57,0.007
266-60,0.0
266-64,1.0
266-66,1.0
266-7,0.118
267-10,0.0
267-11,1.0
267-12,1.0
267-16,0.111
267-19,1.0
267-20,1.0
267-22,1.0
267-23,1.0
267-27,1.0
267-3,1.0
267-31,0.0
267-32,0.0
267-33,0.0
267-34,0.0
267-38,1.0
267-42,0.0
267-43,0.987
267-46,1.0
267-50,0.961
267-6,0.853
267-7,1.0
267-9,1.0
268-1,0.242
268-10,0.0
268-11,0.994
268-13,1.0
268-14,0.006
268-17,1.0
268-19,0.0
268-20,0.0
268-3,1.0
268-32,0.0
268-33,0.002
268-4,0.653
268-40,1.0
268-41,1.0
268-43,1.0
268-57,0.01
268-60,1.0
268-63,1.0
268-68,1.0
268-69,0.0
269-11,1.0
269-16,0.0
269-18,0.0
269-31,0.0
269-42,0.0
269-43,0.014
269-47,0.996
269-48,0.813
269-49,0.794
269-52,0.0
269-53,0.0
269-58,1.0
27-1,1.0
27-12,0.008
27-19,0.0
27-2,1.0
27-23,1.0
27-24,0.0
27-29,0.813
27-35,1.0
27-37,1.0
27-38,1.0
27-39,0.0
27-41,0.0
27-42,1.0
27-44,0.0
27-46,0.0
27-47,1.0
27-49,1.0
27-51,1.0
27-57,0.0
27-6,1.0
27-8,0.0
270-10,1.0
270-11,0.091
270-18,0.0
270-23,0.0
270-35,1.0
270-38,1.0
270-4,1.0
270-41,1.0
270-9,0.999
271-11,0.977
271-13,1.0
271-16,0.0
271-18,0.001
271-19,1.0
271-2,1.0
271-24,0.0
271-30,1.0
271-34,1.0
271-45,0.998
271-50,0.0
271-56,1.0
271-9,0.0
272-11,1.0
272-12,0.0
272-14,0.978
272-16,0.0
272-2,0.008
272-20,1.0
272-21,1.0
272-23,0.0
272-26,0.0
272-30,0.978
272-33,0.965
272-34,0.997
272-35,0.0
272-37,0.0
272-38,0.0
272-41,0.82
272-42,0.0
272-45,0.0
272-47,0.0
272-51,0.0
272-54,0.967
272-55,0.0
272-61,1.0
272-62,0.0
272-64,0.629
272-66,0.995
272-67,0.0
272-7,0.0
272-9,0.0
273-10,0.0
273-15,0.0
273-17,1.0
273-21,1.0
273-23,0.0
273-24,0.0
273-28,0.037
273-31,0.984
273-37,0.0
273-38,0.046
273-39,0.0
273-42,0.0
273-43,0.0
273-45,1.0
273-49,0.0
273-6,1.0
273-8,0.0
273-9,0.0
274-15,1.0
274-27,0.0
274-40,0.0
274-45,1.0
274-47,1.0
274-59,0.0
274-9,1.0
275-3,0.0
275-7,0.0
276-10,1.0
276-11,0.957
276-13,1.0
276-14,0.0
276-15,1.0
276-19,0.0
276-2,1.0
276-21,0.0
276-27,1.0
276-30,1.0
276-38,0.0
276-42,0.0
276-44,1.0
276-48,0.194
276-49,0.0
276-5,0.0
276-50,1.0
276-51,1.0
276-52,0.0
276-6,1.0
276-8,0.0
277-12,0.0
277-18,1.0
277-19,1.0
277-21,1.0
277-22,0.0
277-24,1.0
277-28,0.0
277-30,0.0
277-35,0.0
277-37,1.0
277-38,1.0
277-4,0.274
277-41,0.0
277-42,1.0
277-6,0.0
277-9,1.0
278-14,0.904
278-25,0.0
278-27,1.0
278-36,1.0
278-4,1.0
278-40,1.0
278-41,0.0
278-42,0.0
278-45,1.0
278-49,1.0
278-5,1.0
278-6,0.0
278-7,0.0
278-8,0.0
279-10,0.0
279-17,0.0
279-22,1.0
279-34,0.0
279-37,0.0
279-40,0.011
279-50,1.0
279-6,0.0
279-7,1.0
279-8,0.0
279-9,1.0
28-10,0.995
28-11,1.0
28-13,1.0
28-14,0.0
28-16,1.0
28-22,1.0
28-23,0.0
28-24,0.0
28-25,0.994
28-3,1.0
28-32,1.0
28-43,0.999
28-49,0.907
28-5,1.0
28-6,1.0
28-9,0.0
280-15,0.057
280-17,0.0
280-18,0.0
280-20,0.0
280-22,1.0
280-24,0.344
280-26,0.0
280-30,0.986
280-31,0.0
280-33,0.0
280-35,1.0
280-36,1.0
280-4,1.0
280-42,1.0
280-44,0.0
280-45,1.0
280-7,0.0
281-10,0.0
281-11,1.0
281-20,0.0
281-22,1.0
281-25,1.0
281-30,1.0
281-31,0.0
281-33,0.0
281-35,0.0
281-38,0.0
281-4,0.632
281-40,0.0
281-41,1.0
281-45,1.0
281-47,0.0
281-5,0.0
281-50,0.0
281-55,0.147
281-7,1.0
282-16,0.0
282-24,1.0
282-29,0.0
282-33,1.0
282-35,0.0
282-36,1.0
282-38,0.0
282-40,0.0
282-49,0.0
283-11,0.944
283-12,1.0
283-15,0.0
283-19,1.0
283-21,1.0
283-27,0.969
283-30,0.0
283-33,0.001
283-45,0.0
283-49,0.0
283-50,0.954
283-52,0.0
283-56,0.0
283-59,0.0
283-9,0.0
284-11,0.0
284-14,0.0
284-22,0.029
284-27,0.0
284-31,1.0
284-32,0.704
284-33,1.0
284-34,1.0
284-35,0.0
284-36,0.0
284-39,0.0
284-4,1.0
284-43,1.0
284-5,0.0
284-6,0.054
284-7,0.0
285-1,1.0
285-12,1.0
285-14,0.0
285-16,0.0
285-19,0.0
285-22,1.0
285-24,1.0
285-27,0.0
285-31,1.0
285-33,0.0
285-40,0.0
285-41,0.0
285-8,0.0
285-9,1.0
286-1,1.0
286-11,0.0
286-13,0.0
286-15,0.0
286-16,1.0
286-17,1.0
286-19,1.0
286-20,1.0
286-21,0.0
286-26,1.0
286-27,0.0
286-29,1.0
286-3,0.0
286-30,0.031
286-33,1.0
286-41,1.0
286-54,0.559
286-58,0.994
286-59,0.001
286-6,1.0
286-62,1.0
286-63,0.0
286-67,1.0
286-69,1.0
286-7,0.988
286-70,1.0
286-73,1.0
286-75,0.0
287-1,0.0
287-11,0.998
287-13,1.0
287-15,1.0
287-17,1.0
287-23,0.0
287-29,0.0
287-30,1.0
287-31,1.0
287-35,1.0
287-36,0.0
287-40,0.0
287-45,0.0
287-47,1.0
287-48,1.0
287-49,0.0
287-55,1.0
287-7,1.0
287-8,0.0
287-9,0.0
288-14,1.0
288-16,0.0
288-2,1.0
288-21,0.0
288-23,1.0
288-27,0.0
288-32,1.0
288-33,0.998
288-34,0.001
288-36,0.0
288-37,1.0
288-38,0.0
288-39,0.0
288-41,0.0
288-44,0.0
288-51,0.0
288-52,0.0
288-53,1.0
288-60,1.0
288-64,0.0
288-65,1.0
289-13,0.975
289-25,1.0
289-26,1.0
289-30,0.0
289-39,1.0
289-4,0.0
289-41,1.0
289-45,0.766
289-46,1.0
289-52,0.973
289-55,0.0
289-56,0.586
289-7,1.0
29-10,1.0
29-11,1.0
29-12,0.773
29-14,0.0
29-17,0.0
29-19,1.0
29-20,1.0
29-22,1.0
29-26,0.0
29-27,0.0
29-33,0.0
29-38,0.0
29-4,0.0
29-40,0.999
29-41,0.0
29-42,0.0
29-51,1.0
29-52,1.0
29-6,1.0
290-13,1.0
290-15,0.0
290-16,0.0
290-17,1.0
290-19,1.0
290-2,0.0
290-21,0.994
290-22,0.0
290-23,0.0
290-29,1.0
290-34,0.0
290-35,0.991
290-39,0.983
290-41,0.0
290-42,1.0
290-49,1.0
290-51,0.0
290-54,1.0
291-10,0.0
291-11,0.0
291-13,0.005
291-14,0.002
291-24,1.0
291-3,1.0
291-35,0.026
291-36,0.996
291-42,0.0
291-45,1.0
291-48,0.0
291-53,0.0
291-6,1.0
291-62,0.0
291-8,1.0
292-10,0.0
292-12,0.0
292-13,0.0
292-15,0.0
292-16,0.997
292-20,1.0
292-21,1.0
292-30,1.0
292-40,0.0
292-43,1.0
292-46,0.0
292-47,0.0
292-5,1.0
292-50,1.0
292-51,1.0
292-53,0.0
292-7,0.0
293-15,0.041
293-18,1.0
293-22,1.0
293-24,0.0
293-25,0.0
293-27,1.0
293-28,1.0
293-30,1.0
293-33,0.428
293-34,0.0
293-36,0.992
293-37,0.872
293-38,1.0
293-4,0.0
293-43,1.0
293-47,0.0
293-48,1.0
293-49,0.0
293-52,0.932
293-54,0.999
293-57,0.035
293-58,0.008
293-59,0.0
293-6,0.0
293-63,0.0
293-65,0.0
293-7,1.0
294-19,0.0
294-2,1.0
294-23,1.0
294-25,0.463
294-31,0.0
294-32,1.0
294-34,1.0
294-36,1.0
294-38,0.999
294-4,0.636
294-42,0.0
294-44,1.0
294-46,1.0
294-49,0.336
294-50,1.0
294-51,0.0
294-53,1.0
294-59,1.0
294-6,0.0
294-63,0.554
294-64,0.0
294-7,1.0
294-8,0.0
295-13,1.0
295-16,0.0
295-21,0.0
295-26,1.0
295-3,0.0
295-31,1.0
295-34,0.883
295-4,1.0
295-40,0.0
295-44,1.0
295-45,0.0
295-49,0.0
295-50,0.387
295-6,0.0
295-9,0.0
296-12,0.966
296-14,1.0
296-19,0.0
296-25,0.0
296-26,0.0
296-3,1.0
296-31,1.0
296-33,1.0
296-39,1.0
296-42,1.0
296-43,0.0
296-48,0.0
296-49,1.0
296-5,1.0
296-50,1.0
296-52,1.0
296-58,0.0
296-60,0.0
296-64,0.0
296-65,1.0
296-69,0.0
296-7,1.0
296-72,0.0
296-74,0.0
296-75,0.0
296-77,1.0
296-79,0.0
297-11,1.0
297-15,0.0
297-23,1.0
297-24,0.0
297-34,0.0
297-37,0.0
297-38,0.0
297-40,0.663
297-44,1.0
297-47,0.006
297-48,1.0
297-50,0.0
297-54,0.0
298-10,1.0
298-12,0.0
298-15,0.0
298-18,1.0
298-23,0.0
298-3,0.0
298-30,0.0
298-31,1.0
298-33,1.0
298-38,1.0
298-40,0.436
298-44,1.0
298-48,0.975
298-49,0.0
298-50,0.0
298-51,1.0
298-56,0.0
298-58,0.0
298-6,0.002
298-60,1.0
298-63,0.006
298-8,0.0
299-10,1.0
299-16,0.0
299-2,0.0
299-25,0.999
299-27,0.966
299-28,0.0
299-32,0.0
299-35,1.0
299-40,0.0
299-5,0.98
299-53,1.0
299-7,0.0
299-9,1.0
3-11,0.0
3-13,1.0
3-14,0.0
3-15,1.0
3-2,0.0
3-23,0.0
3-24,1.0
3-26,0.002
3-3,0.0
3-36,0.0
3-37,1.0
3-38,1.0
3-4,0.001
3-43,0.001
3-45,1.0
3-48,0.033
3-50,0.0
3-55,1.0
3-8,1.0
3-9,0.0
30-1,1.0
30-11,0.0
30-12,1.0
30-17,0.0
30-19,0.0
30-23,0.0
30-24,0.0
30-29,0.99
30-3,1.0
30-33,1.0
30-35,0.471
30-36,1.0
30-37,0.939
30-4,0.0
30-42,0.0
30-43,1.0
30-44,0.0
30-45,0.966
30-48,1.0
30-53,0.915
30-59,0.0
30-60,0.0
30-8,0.0
300-10,0.0
300-12,0.0
300-15,1.0
300-17,1.0
300-24,0.0
300-26,0.0
300-3,1.0
300-30,0.13
300-31,1.0
300-36,0.999
300-40,0.0
300-41,1.0
300-45,1.0
300-46,1.0
300-47,0.0
300-48,0.0
300-50,0.176
300-52,1.0
300-55,0.034
300-56,1.0
300-58,1.0
300-65,0.0
300-70,0.0
300-71,0.0
300-9,0.0
301-1,0.0
301-13,1.0
301-14,0.0
301-21,1.0
301-23,0.0
301-24,0.0
301-32,1.0
301-4,1.0
301-42,1.0
301-46,1.0
301-6,0.962
301-9,1.0
302-10,1.0
302-14,0.997
302-15,1.0
302-18,0.0
302-21,0.966
302-23,0.0
302-25,1.0
302-33,0.767
302-35,0.95
302-37,0.0
302-41,1.0
302-54,0.048
302-57,0.0
302-6,0.0
302-60,0.0
302-61,1.0
302-62,1.0
302-7,0.029
302-9,0.0
303-10,0.0
303-13,0.0
303-15,1.0
303-16,0.0
303-23,1.0
303-24,0.0
303-25,0.443
303-27,1.0
303-31,1.0
303-33,1.0
303-35,0.998
303-37,1.0
303-39,1.0
303-40,0.0
303-7,0.0
304-11,0.861
304-12,1.0
304-16,1.0
304-18,0.0
304-2,0.0
304-22,1.0
304-24,0.999
304-25,0.052
304-35,0.0
304-4,1.0
304-42,1.0
304-50,1.0
304-52,0.0
304-56,1.0
304-57,1.0
304-7,1.0
305-12,0.0
305-13,1.0
305-17,0.0
305-18,1.0
305-2,0.0
305-20,0.0
305-21,0.0
305-22,0.0
305-23,1.0
305-24,0.085
305-29,0.0
305-31,1.0
305-35,0.0
305-36,1.0
305-41,0.0
305-45,0.0
305-53,1.0
305-55,1.0
305-7,0.0
305-8,0.0
306-10,0.027
306-12,0.0
306-17,1.0
306-18,0.919
306-2,0.0
306-21,1.0
306-22,0.0
306-23,1.0
306-25,0.0
306-28,1.0
306-29,0.935
306-3,0.0
306-30,1.0
306-33,0.001
306-35,1.0
306-37,0.0
306-39,1.0
306-41,1.0
306-43,1.0
306-46,0.0
306-50,0.0
306-55,1.0
306-6,1.0
306-62,0.01
306-68,1.0
306-69,0.0
31-11,0.467
31-15,1.0
31-24,0.0
31-26,0.001
31-27,1.0
31-32,0.0
31-33,0.0
31-34,1.0
31-36,1.0
31-37,1.0
31-40,1.0
31-41,0.236
31-47,0.996
31-50,0.0
31-52,1.0
31-53,0.0
31-54,1.0
31-57,0.0
31-59,1.0
32-1,0.0
32-10,1.0
32-12,0.001
32-13,1.0
32-14,0.0
32-15,1.0
32-19,0.0
32-20,0.0
32-22,1.0
32-23,0.0
32-29,1.0
32-30,0.999
32-31,0.0
32-37,1.0
32-38,0.0
32-43,1.0
32-44,1.0
32-45,1.0
32-47,0.0
32-5,1.0
32-52,0.0
32-53,1.0
32-55,0.344
32-57,0.007
33-1,0.0
33-10,0.0
33-13,1.0
33-16,1.0
33-29,0.0
33-3,0.209
33-33,1.0
33-37,1.0
33-38,1.0
33-4,0.001
33-43,1.0
33-50,0.0
33-56,1.0
33-59,1.0
33-6,0.0
33-62,0.0
33-8,0.0
34-10,0.332
34-11,0.0
34-16,1.0
34-17,0.0
34-19,0.0
34-22,0.0
34-29,1.0
34-3,0.981
34-33,0.0
34-34,0.993
34-35,0.0
34-39,0.0
34-4,0.0
34-42,1.0
34-44,1.0
34-46,0.0
34-47,0.0
34-5,1.0
34-51,0.973
34-52,1.0
34-6,0.0
34-8,0.0
35-11,0.001
35-12,0.0
35-14,0.953
35-16,0.0
35-21,1.0
35-23,0.0
35-28,0.996
35-29,0.949
35-3,0.0
35-31,0.998
35-33,1.0
35-34,0.0
35-38,0.0
35-45,0.0
35-7,0.0
35-9,0.0
36-1,1.0
36-11,1.0
36-13,1.0
36-20,1.0
36-24,0.0
36-25,0.999
36-36,0.0
36-40,0.0
36-41,0.0
36-43,1.0
36-46,0.0
36-48,0.0
36-51,0.0
36-54,0.0
36-9,0.0
37-10,0.0
37-13,0.992
37-14,1.0
37-17,1.0
37-24,0.0
37-27,0.0
37-29,1.0
37-3,1.0
37-30,0.04
37-31,1.0
37-32,1.0
37-33,0.952
37-37,1.0
37-39,0.536
37-41,1.0
37-45,1.0
37-46,0.912
37-53,0.0
37-56,1.0
37-59,0.0
37-66,1.0
37-68,0.01
37-69,0.0
38-2,0.0
38-20,0.0
38-23,0.0
38-24,0.0
38-31,0.0
38-36,0.0
38-38,1.0
38-4,0.0
38-44,0.004
38-49,0.013
38-5,0.0
38-51,0.0
38-52,0.0
38-54,1.0
38-55,1.0
38-8,0.0
39-10,1.0
39-18,0.999
39-21,0.0
39-23,0.757
39-27,0.0
39-30,0.0
39-31,1.0
39-33,0.961
39-38,1.0
39-40,1.0
39-41,0.0
39-43,0.001
39-44,1.0
39-48,1.0
39-6,1.0
39-7,1.0
39-9,1.0
4-28,1.0
4-3,0.989
4-32,0.0
4-35,0.0
4-37,0.998
4-39,0.025
4-44,0.0
4-47,0.999
4-51,1.0
4-53,0.213
4-54,0.0
4-57,1.0
4-60,0.0
40-1,1.0
40-16,1.0
40-17,0.0
40-18,0.0
40-19,0.0
40-20,1.0
40-21,1.0
40-23,1.0
40-26,0.997
40-29,0.0
40-3,0.0
40-30,0.0
40-33,0.0
40-35,0.0
40-36,1.0
40-38,0.0
40-39,0.0
40-4,1.0
40-40,1.0
40-41,0.999
40-46,0.0
40-5,0.0
40-51,0.0
40-7,1.0
41-11,0.0
41-12,0.0
41-18,0.0
41-19,1.0
41-2,0.0
41-25,1.0
41-33,0.0
41-38,1.0
41-4,0.015
41-41,0.347
41-46,0.105
41-47,1.0
41-5,1.0
41-52,0.001
41-55,1.0
41-56,0.0
41-59,1.0
41-60,0.0
41-61,0.0
41-62,1.0
41-64,0.017
41-7,0.0
41-8,0.0
41-9,0.0
42-11,1.0
42-12,0.0
42-14,1.0
42-17,1.0
42-18,1.0
42-20,0.0
42-25,1.0
42-26,0.0
42-27,1.0
42-28,1.0
42-30,1.0
42-36,0.203
42-4,0.0
42-40,0.0
42-41,1.0
42-8,1.0
43-10,1.0
43-11,0.0
43-12,0.0
43-14,1.0
43-18,0.865
43-19,0.047
43-20,1.0
43-21,1.0
43-24,0.015
43-29,0.0
43-36,0.0
43-4,1.0
43-51,0.989
43-55,1.0
43-57,1.0
43-58,0.0
43-59,1.0
43-61,1.0
43-64,0.997
43-7,0.94
44-1,0.009
44-10,0.0
44-11,1.0
44-15,0.0
44-17,0.0
44-18,1.0
44-21,1.0
44-23,0.0
44-33,1.0
44-36,1.0
44-41,1.0
44-43,1.0
44-47,0.013
44-48,1.0
44-49,0.081
44-54,0.0
44-55,0.604
44-59,1.0
44-63,1.0
45-13,0.0
45-14,0.0
45-15,0.92
45-17,1.0
45-19,0.0
45-2,1.0
45-26,1.0
45-30,1.0
45-37,0.684
45-41,0.0
45-48,0.0
45-49,0.0
45-51,0.0
45-9,0.0
46-1,0.0
46-12,0.0
46-14,0.0
46-18,1.0
46-22,0.0
46-27,1.0
46-28,1.0
46-3,1.0
46-32,0.0
46-33,0.0
46-38,0.0
46-39,0.802
46-4,0.0
46-40,0.544
46-44,0.0
47-13,1.0
47-15,1.0
47-17,0.0
47-19,1.0
47-24,0.0
47-27,0.999
47-28,0.938
47-29,0.999
47-3,1.0
47-35,1.0
47-36,1.0
47-37,0.0
47-39,0.867
47-47,0.0
47-49,1.0
47-5,0.0
48-17,1.0
48-22,0.0
48-36,0.223
48-37,0.001
48-39,0.998
48-42,0.998
48-46,0.993
48-47,1.0
48-5,0.0
48-53,1.0
48-56,1.0
48-57,0.0
48-60,0.0
48-61,0.0
48-63,0.0
48-67,0.051
48-68,1.0
48-70,1.0
48-8,1.0
48-9,1.0
49-1,0.0
49-11,0.0
49-12,0.0
49-18,1.0
49-19,1.0
49-2,0.077
49-20,1.0
49-26,1.0
49-30,0.996
49-34,1.0
49-4,1.0
49-45,0.0
49-51,1.0
49-53,1.0
49-56,1.0
49-59,1.0
49-60,1.0
49-63,0.0
49-64,1.0
49-65,1.0
49-67,0.085
49-7,1.0
5-1,0.612
5-17,0.0
5-18,0.0
5-19,0.0
5-2,0.0
5-21,1.0
5-23,0.0
5-3,0.0
5-34,0.0
5-38,0.0
5-4,1.0
5-41,1.0
5-42,0.0
5-45,1.0
5-5,0.658
5-54,1.0
5-9,0.0
50-11,0.0
50-12,0.0
50-14,1.0
50-15,0.0
50-18,0.985
50-22,0.0
50-25,0.074
50-29,0.0
50-37,1.0
50-42,1.0
50-46,0.0
50-53,0.598
50-54,1.0
50-56,1.0
51-13,1.0
51-14,0.0
51-15,0.881
51-16,0.0
51-18,0.0
51-22,0.0
51-24,1.0
51-28,1.0
51-31,1.0
51-36,1.0
51-38,0.0
51-40,1.0
51-45,0.0
51-55,0.0
51-56,0.0
51-57,0.999
51-61,1.0
51-8,1.0
52-10,0.0
52-13,0.0
52-15,0.868
52-22,0.001
52-27,0.0
52-3,0.0
52-36,1.0
52-37,1.0
52-47,0.0
52-48,0.0
52-49,0.033
52-5,1.0
52-53,0.0
52-55,0.0
52-61,0.0
52-64,0.0
52-67,1.0
52-8,0.0
53-1,0.0
53-12,0.0
53-13,1.0
53-14,0.0
53-20,1.0
53-21,0.957
53-24,0.647
53-29,1.0
53-34,1.0
53-44,0.013
53-45,1.0
53-5,1.0
53-7,1.0
53-9,1.0
54-14,1.0
54-15,0.0
54-16,0.0
54-22,1.0
54-26,0.002
54-28,0.0
54-29,0.0
54-33,0.007
54-37,1.0
54-39,0.0
54-41,0.0
54-51,0.0
54-52,1.0
54-7,0.0
55-1,0.998
55-13,1.0
55-14,1.0
55-15,0.0
55-18,1.0
55-19,1.0
55-20,1.0
55-24,0.0
55-25,0.219
55-26,0.0
55-34,1.0
55-37,0.031
55-39,1.0
55-4,1.0
55-40,0.0
55-45,1.0
55-5,0.0
55-6,1.0
56-18,1.0
56-19,0.0
56-27,0.756
56-31,0.982
56-33,0.0
56-37,0.0
56-38,1.0
56-39,0.0
56-4,0.0
56-44,1.0
56-50,0.039
56-54,0.0
56-6,0.0
56-7,0.0
56-8,0.0
57-15,1.0
57-17,1.0
57-18,0.0
57-23,0.0
57-26,1.0
57-30,0.0
57-34,0.0
57-41,1.0
57-46,1.0
57-47,0.0
57-5,1.0
57-50,0.0
57-51,0.001
57-53,1.0
58-10,0.0
58-13,1.0
58-15,1.0
58-17,1.0
58-2,0.0
58-20,1.0
58-22,0.907
58-23,0.999
58-28,0.102
58-3,1.0
58-31,0.0
58-32,0.721
58-33,1.0
58-35,0.0
58-36,1.0
58-48,0.0
58-51,0.0
58-52,0.998
58-53,0.0
58-6,0.971
59-11,0.0
59-12,0.0
59-14,0.0
59-23,1.0
59-26,1.0
59-3,1.0
59-32,0.0
59-33,0.0
59-35,1.0
59-37,0.112
59-41,0.958
59-42,1.0
59-51,0.983
59-55,0.999
59-57,0.828
59-59,0.0
59-8,0.989
6-1,1.0
6-12,0.0
6-13,1.0
6-14,1.0
6-16,1.0
6-17,0.0
6-25,1.0
6-3,0.0
6-35,0.0
6-37,0.0
6-38,0.004
6-39,1.0
6-5,1.0
6-53,1.0
6-6,0.0
60-10,0.002
60-18,0.0
60-23,0.0
60-26,1.0
60-27,1.0
60-31,0.987
60-34,1.0
60-36,0.95
60-38,0.0
60-39,1.0
60-4,0.0
60-40,0.372
60-42,0.0
60-43,0.0
60-5,1.0
60-6,0.0
60-7,0.0
61-13,1.0
61-22,0.999
61-3,1.0
61-35,0.0
61-51,1.0
61-59,0.455
61-61,1.0
62-13,0.0
62-14,0.937
62-18,0.0
62-2,0.0
62-23,0.365
62-24,0.017
62-25,0.0
62-26,0.0
62-28,1.0
62-31,0.0
62-34,0.0
62-35,0.0
62-36,0.0
62-41,1.0
62-43,1.0
62-44,1.0
62-46,0.0
62-49,1.0
62-55,0.0
62-56,0.998
62-58,0.0
62-7,0.0
63-1,0.0
63-15,1.0
63-18,0.0
63-19,0.0
63-21,1.0
63-3,0.0
63-32,1.0
63-35,0.995
63-37,0.0
63-38,0.0
63-39,0.0
63-4,0.0
64-10,1.0
64-16,1.0
64-18,0.0
64-2,0.0
64-20,0.997
64-30,1.0
64-37,1.0
64-39,0.996
64-4,0.001
64-40,0.0
64-42,0.0
64-43,0.0
64-48,0.0
64-5,0.0
64-7,0.014
65-12,1.0
65-15,0.936
65-18,1.0
65-19,1.0
65-2,0.0
65-22,1.0
65-23,0.0
65-26,1.0
65-27,0.0
65-31,1.0
65-34,0.0
65-41,0.0
65-43,1.0
65-44,1.0
65-55,1.0
65-58,1.0
65-59,0.0
65-60,0.0
65-62,1.0
65-65,0.0
66-12,0.003
66-14,1.0
66-18,1.0
66-19,1.0
66-20,0.0
66-22,0.992
66-27,1.0
66-28,1.0
66-30,0.997
66-33,1.0
66-42,1.0
66-43,0.0
66-45,0.005
66-46,1.0
66-47,0.714
66-5,1.0
66-53,1.0
66-55,0.0
66-58,0.458
66-59,0.0
66-7,0.535
66-9,0.0
67-10,0.0
67-21,0.0
67-24,0.679
67-25,0.0
67-26,1.0
67-3,0.0
67-34,0.0
67-39,0.0
67-43,0.002
67-45,1.0
67-48,0.984
67-55,0.0
67-7,0.0
67-8,0.0
68-14,1.0
68-17,1.0
68-20,0.277
68-24,1.0
68-25,0.0
68-28,0.0
68-31,0.0
68-33,0.932
68-4,1.0
68-41,1.0
68-52,0.0
68-53,1.0
68-6,1.0
69-10,1.0
69-13,1.0
69-15,1.0
69-2,0.0
69-28,0.0
69-4,0.0
69-40,0.999
69-41,1.0
69-43,0.0
69-45,0.0
69-46,0.0
69-57,1.0
69-64,0.0
7-1,1.0
7-12,0.0
7-22,1.0
7-25,1.0
7-3,0.0
7-32,1.0
7-35,1.0
7-37,0.0
7-4,0.149
7-40,1.0
7-41,1.0
7-44,1.0
7-45,1.0
7-54,1.0
7-55,0.0
7-56,1.0
7-58,1.0
7-62,1.0
7-63,1.0
7-67,0.003
7-68,0.998
7-8,0.656
7-9,0.996
70-18,1.0
70-19,0.998
70-23,0.0
70-24,1.0
70-29,0.0
70-31,0.0
70-33,1.0
70-40,0.0
70-54,1.0
70-9,0.0
71-1,0.0
71-13,0.0
71-17,0.0
71-19,0.0
71-21,0.485
71-22,0.0
71-25,0.0
71-26,0.0
71-27,0.999
71-3,0.0
71-35,0.0
71-38,0.0
71-41,1.0
71-45,0.0
71-48,0.204
71-49,1.0
71-50,0.0
71-52,0.0
71-54,0.0
71-55,1.0
71-8,0.0
72-11,0.0
72-15,1.0
72-18,0.441
72-21,1.0
72-23,1.0
72-27,0.009
72-32,1.0
72-33,1.0
72-34,0.006
72-39,1.0
72-4,1.0
72-47,1.0
72-5,0.0
72-6,0.003
72-7,1.0
73-21,1.0
73-22,0.0
73-23,0.0
73-3,0.0
73-32,1.0
73-33,0.0
73-35,0.0
73-39,0.0
73-43,0.0
73-7,0.0
74-16,1.0
74-20,0.0
74-21,0.964
74-22,1.0
74-23,0.0
74-32,0.0
74-33,0.0
74-35,0.0
74-39,1.0
74-43,0.045
74-48,1.0
74-49,0.0
74-5,0.0
74-50,1.0
74-52,0.0
74-56,0.993
74-57,0.01
74-61,0.0
74-63,1.0
74-64,1.0
74-67,1.0
74-68,1.0
75-17,0.0
75-18,0.0
75-2,0.0
75-25,0.99
75-27,0.002
75-29,0.0
75-31,0.0
75-37,0.01
75-43,0.991
75-45,1.0
75-46,0.0
75-49,0.0
75-5,0.0
75-51,0.0
75-52,1.0
75-54,0.0
75-55,1.0
75-59,1.0
75-63,1.0
75-64,1.0
75-66,1.0
75-7,0.0
76-23,1.0
76-27,0.0
76-29,0.0
76-3,0.0
76-30,0.0
76-32,0.025
76-36,0.0
76-4,0.0
76-43,1.0
76-48,0.0
76-49,0.0
76-5,1.0
76-52,0.0
76-57,0.0
76-7,1.0
77-10,1.0
77-11,0.0
77-17,1.0
77-18,0.0
77-20,1.0
77-21,0.951
77-28,1.0
77-29,0.081
77-3,0.0
77-31,1.0
77-34,1.0
77-38,1.0
77-39,1.0
77-4,0.999
77-44,0.0
77-46,1.0
77-8,1.0
78-1,0.161
78-10,0.0
78-15,1.0
78-17,0.0
78-30,0.0
78-34,1.0
78-36,1.0
78-37,0.0
78-41,1.0
78-42,0.0
78-43,1.0
78-44,1.0
78-45,0.955
78-46,0.972
78-55,1.0
78-62,1.0
78-63,1.0
79-13,0.002
79-14,0.0
79-2,0.992
79-20,0.0
79-22,0.0
79-30,0.0
79-45,1.0
79-47,0.021
79-50,1.0
79-52,1.0
79-9,1.0
8-10,1.0
8-11,0.0
8-2,0.0
8-22,1.0
8-24,1.0
8-26,1.0
8-28,1.0
8-29,0.998
8-3,0.0
8-32,0.0
8-34,1.0
8-35,1.0
8-36,1.0
8-38,0.989
8-39,0.422
8-42,1.0
8-43,1.0
8-44,1.0
8-49,1.0
8-5,1.0
8-55,1.0
8-57,0.0
8-59,0.937
8-60,1.0
8-65,0.982
8-67,0.0
8-68,1.0
8-71,0.0
8-73,0.0
8-8,1.0
80-10,0.997
80-11,0.0
80-15,0.0
80-16,1.0
80-20,1.0
80-27,0.0
80-28,0.002
80-3,0.0
80-47,0.0
80-49,0.0
80-50,1.0
80-53,0.0
80-56,1.0
80-57,0.0
80-59,1.0
80-8,0.007
81-10,0.0
81-11,0.0
81-14,0.0
81-2,1.0
81-22,1.0
81-26,1.0
81-30,0.0
81-31,0.0
81-37,0.15
81-38,0.0
81-41,0.998
81-46,0.0
81-49,0.999
81-53,0.0
81-54,0.0
81-55,1.0
81-57,0.275
81-58,0.0
81-60,0.0
81-7,0.0
81-9,0.908
82-11,0.329
82-12,1.0
82-19,0.0
82-20,0.986
82-25,0.0
82-27,1.0
82-3,0.99
82-31,0.0
82-32,0.001
82-6,0.0
83-10,1.0
83-11,1.0
83-12,1.0
83-13,1.0
83-16,0.0
83-18,0.0
83-22,0.0
83-24,0.98
83-28,1.0
83-29,1.0
83-3,0.023
83-31,0.692
83-34,1.0
83-36,0.0
83-38,1.0
83-39,1.0
83-4,1.0
83-40,1.0
83-45,0.0
83-6,0.0
83-8,0.0
84-1,1.0
84-10,0.0
84-12,0.0
84-14,0.952
84-15,0.999
84-19,0.0
84-23,0.0
84-24,0.996
84-32,0.997
84-36,0.0
84-39,0.0
84-42,0.0
84-44,0.977
84-45,1.0
84-46,1.0
84-5,0.12
84-8,0.0
85-11,0.034
85-12,1.0
85-2,1.0
85-20,0.998
85-22,0.0
85-28,0.0
85-33,0.0
85-34,1.0
85-38,0.0
85-41,0.0
85-42,0.0
85-44,1.0
85-45,1.0
85-46,0.0
85-49,0.0
85-50,0.0
85-52,0.0
85-58,0.0
85-6,0.0
85-8,1.0
86-15,0.702
86-16,0.0
86-2,1.0
86-21,1.0
86-22,0.0
86-24,0.0
86-25,1.0
86-30,0.0
86-35,0.998
86-4,0.0
86-42,0.0
86-45,0.0
86-46,1.0
86-55,0.0
86-9,1.0
87-14,0.0
87-16,0.0
87-17,0.0
87-21,0.0
87-22,0.0
87-26,0.0
87-37,0.0
87-38,0.0
87-41,0.999
87-42,0.0
87-46,0.0
87-51,1.0
87-55,0.0
87-56,0.0
87-7,1.0
88-1,0.0
88-12,0.999
88-14,0.0
88-19,0.983
88-21,1.0
88-22,1.0
88-27,1.0
88-29,0.0
88-30,0.0
88-31,0.0
88-33,0.0
88-34,0.0
88-40,1.0
89-1,0.0
89-11,0.0
89-13,0.0
89-15,0.0
89-16,1.0
89-2,1.0
89-20,1.0
89-22,0.003
89-28,0.0
89-29,1.0
89-32,0.0
89-37,1.0
89-41,0.0
89-43,1.0
89-5,1.0
89-53,1.0
89-55,0.0
89-60,0.0
89-64,1.0
89-65,1.0
89-67,1.0
89-7,1.0
89-8,0.0
9-11,0.0
9-25,0.004
9-26,0.0
9-28,0.0
9-32,1.0
9-35,0.0
9-38,1.0
9-41,0.0
9-42,0.03
9-43,1.0
9-48,1.0
9-49,0.0
9-6,1.0
9-9,0.0
90-11,0.0
90-12,0.0
90-15,0.14
90-2,0.0
90-27,0.0
90-31,0.0
90-33,0.0
90-35,0.0
90-4,0.892
90-40,0.0
90-41,0.029
90-42,1.0
90-48,0.0
90-5,0.0
90-52,1.0
90-53,1.0
90-7,0.0
91-21,1.0
91-25,0.0
91-26,1.0
91-3,0.0
91-31,1.0
91-34,1.0
91-36,0.999
91-42,0.003
91-43,1.0
91-45,1.0
91-46,0.998
91-49,0.0
91-56,0.0
91-57,0.0
91-58,0.0
91-7,1.0
91-8,0.983
92-14,0.012
92-16,0.969
92-18,0.0
92-19,0.002
92-2,0.0
92-24,0.907
92-25,0.007
92-26,1.0
92-3,0.0
92-30,1.0
92-31,1.0
92-32,0.0
92-37,1.0
92-38,1.0
92-45,0.0
92-46,0.015
92-49,1.0
92-5,1.0
93-1,1.0
93-10,1.0
93-13,1.0
93-14,0.492
93-18,0.0
93-21,0.714
93-22,0.0
93-23,0.0
93-3,0.0
93-31,0.0
93-32,1.0
93-38,0.0
93-42,0.0
93-45,0.0
93-46,0.0
93-48,0.0
93-6,1.0
93-9,1.0
94-10,0.0
94-11,1.0
94-14,0.918
94-20,0.691
94-26,0.0
94-27,0.0
94-3,0.896
94-33,0.0
94-35,0.287
94-39,0.0
94-43,1.0
94-9,0.0
95-10,0.002
95-12,1.0
95-17,1.0
95-19,0.0
95-2,1.0
95-31,0.997
95-33,1.0
95-34,1.0
95-35,1.0
95-37,1.0
95-39,1.0
95-42,1.0
95-43,0.0
95-44,1.0
95-45,0.0
95-46,1.0
95-49,0.0
95-52,1.0
95-55,1.0
95-6,0.0
95-60,1.0
95-62,0.0
95-64,1.0
95-66,0.0
95-7,0.015
96-15,1.0
96-18,1.0
96-20,0.0
96-22,1.0
96-25,1.0
96-28,1.0
96-29,1.0
96-35,1.0
96-50,0.0
96-51,0.0
96-52,0.999
96-55,1.0
96-56,0.0
96-6,0.997
96-8,1.0
97-11,0.0
97-22,0.149
97-24,1.0
97-26,0.0
97-29,0.0
97-37,1.0
97-4,1.0
97-43,0.0
97-47,1.0
97-5,0.0
97-52,0.0
97-55,0.942
98-18,0.005
98-2,0.997
98-29,0.0
98-30,0.0
98-31,1.0
98-32,0.0
98-33,1.0
98-35,0.0
98-36,0.0
98-37,0.0
98-40,0.0
98-46,1.0
98-47,1.0
98-49,0.0
98-50,0.0
98-54,0.0
98-9,0.0
99-13,0.384
99-18,0.023
99-21,1.0
99-22,0.006
99-27,0.999
99-31,1.0
99-33,0.0
99-34,1.0
99-35,0.997
99-37,1.0
99-38,1.0
99-42,0.0
99-43,0.988
99-46,0.999
99-47,0.0
99-5,1.0
99-6,0.0
